Date: 07-27 at 17:34:25, #particle: 50, iter: 1, fix: false, local: false, cut car: false, new generate: true, Khoo: 1213.62, best obj: 1513.16(17), mean: 2611.34, max: 3136.16
Date: 07-27 at 17:39:06, #particle: 50, iter: 2, fix: false, local: false, cut car: false, new generate: true, Khoo: 1213.62, best obj: 1466.73(17), mean: 2550.99, max: 3138.95
Date: 07-27 at 17:43:46, #particle: 50, iter: 3, fix: false, local: false, cut car: false, new generate: true, Khoo: 1213.62, best obj: 1437.78(18), mean: 2090.07, max: 3045.40
Date: 07-27 at 17:48:31, #particle: 50, iter: 4, fix: false, local: false, cut car: false, new generate: true, Khoo: 1213.62, best obj: 1374.96(18), mean: 1826.04, max: 2963.17
Date: 07-27 at 17:53:13, #particle: 50, iter: 5, fix: false, local: false, cut car: false, new generate: true, Khoo: 1213.62, best obj: 1348.53(17), mean: 1710.73, max: 2878.26
Date: 07-27 at 17:57:47, #particle: 50, iter: 6, fix: false, local: false, cut car: false, new generate: true, Khoo: 1213.62, best obj: 1344.82(17), mean: 1695.91, max: 2835.12
Date: 07-27 at 18:02:11, #particle: 50, iter: 7, fix: false, local: false, cut car: false, new generate: true, Khoo: 1213.62, best obj: 1339.16(17), mean: 1696.96, max: 2820.40
Date: 07-27 at 18:07:27, #particle: 50, iter: 8, fix: false, local: false, cut car: false, new generate: true, Khoo: 1213.62, best obj: 1336.36(17), mean: 1462.96, max: 1626.40
Date: 07-27 at 18:12:13, #particle: 50, iter: 9, fix: false, local: false, cut car: false, new generate: true, Khoo: 1213.62, best obj: 1331.90(17), mean: 1478.88, max: 1589.41
Date: 07-27 at 18:16:35, #particle: 50, iter: 10, fix: false, local: false, cut car: false, new generate: true, Khoo: 1213.62, best obj: 1331.84(17), mean: 1501.14, max: 1654.02
Date: 07-27 at 18:21:11, #particle: 50, iter: 11, fix: false, local: false, cut car: false, new generate: true, Khoo: 1213.62, best obj: 1297.21(17), mean: 1416.28, max: 1635.43
Date: 07-27 at 18:25:05, #particle: 50, iter: 12, fix: false, local: false, cut car: false, new generate: true, Khoo: 1213.62, best obj: 1294.79(17), mean: 1442.72, max: 1654.77
Date: 07-27 at 18:29:30, #particle: 50, iter: 13, fix: false, local: false, cut car: false, new generate: true, Khoo: 1213.62, best obj: 1294.79(17), mean: 1460.66, max: 1699.49
Date: 07-27 at 18:34:32, #particle: 50, iter: 14, fix: false, local: false, cut car: false, new generate: true, Khoo: 1213.62, best obj: 1289.67(17), mean: 1351.34, max: 1518.98
Date: 07-27 at 18:38:56, #particle: 50, iter: 15, fix: false, local: false, cut car: false, new generate: true, Khoo: 1213.62, best obj: 1289.67(17), mean: 1349.44, max: 1444.63
Date: 07-27 at 18:43:51, #particle: 50, iter: 16, fix: false, local: false, cut car: false, new generate: true, Khoo: 1213.62, best obj: 1289.67(17), mean: 1356.65, max: 1472.92
Date: 07-27 at 18:48:18, #particle: 50, iter: 17, fix: false, local: false, cut car: false, new generate: true, Khoo: 1213.62, best obj: 1289.67(17), mean: 1369.53, max: 1502.47
Date: 07-27 at 18:53:00, #particle: 50, iter: 18, fix: false, local: false, cut car: false, new generate: true, Khoo: 1213.62, best obj: 1279.00(16), mean: 1336.88, max: 1495.21
Date: 07-27 at 18:57:47, #particle: 50, iter: 19, fix: false, local: false, cut car: false, new generate: true, Khoo: 1213.62, best obj: 1274.78(16), mean: 1338.83, max: 1417.50
Date: 07-27 at 19:02:23, #particle: 50, iter: 20, fix: false, local: false, cut car: false, new generate: true, Khoo: 1213.62, best obj: 1274.62(16), mean: 1321.40, max: 1427.79
Date: 07-27 at 19:06:52, #particle: 50, iter: 21, fix: false, local: false, cut car: false, new generate: true, Khoo: 1213.62, best obj: 1274.62(16), mean: 1312.20, max: 1444.25
Date: 07-27 at 19:11:32, #particle: 50, iter: 22, fix: false, local: false, cut car: false, new generate: true, Khoo: 1213.62, best obj: 1274.62(16), mean: 1308.16, max: 1426.55
Date: 07-27 at 19:16:02, #particle: 50, iter: 23, fix: false, local: false, cut car: false, new generate: true, Khoo: 1213.62, best obj: 1274.62(16), mean: 1312.89, max: 1397.78
Date: 07-27 at 19:20:13, #particle: 50, iter: 24, fix: false, local: false, cut car: false, new generate: true, Khoo: 1213.62, best obj: 1274.62(16), mean: 1343.88, max: 1450.06
Date: 07-27 at 19:24:43, #particle: 50, iter: 25, fix: false, local: false, cut car: false, new generate: true, Khoo: 1213.62, best obj: 1274.62(16), mean: 1313.45, max: 1480.36
Date: 07-27 at 19:29:19, #particle: 50, iter: 26, fix: false, local: false, cut car: false, new generate: true, Khoo: 1213.62, best obj: 1274.62(16), mean: 1305.81, max: 1370.61
Date: 07-27 at 19:33:32, #particle: 50, iter: 27, fix: false, local: false, cut car: false, new generate: true, Khoo: 1213.62, best obj: 1274.62(16), mean: 1302.80, max: 1375.51
Date: 07-27 at 19:38:00, #particle: 50, iter: 28, fix: false, local: false, cut car: false, new generate: true, Khoo: 1213.62, best obj: 1274.62(16), mean: 1306.16, max: 1372.38
Date: 07-27 at 19:42:40, #particle: 50, iter: 29, fix: false, local: false, cut car: false, new generate: true, Khoo: 1213.62, best obj: 1274.62(16), mean: 1297.96, max: 1368.42
Date: 07-27 at 19:47:24, #particle: 50, iter: 30, fix: false, local: false, cut car: false, new generate: true, Khoo: 1213.62, best obj: 1274.62(16), mean: 1311.61, max: 1398.98
Date: 07-27 at 19:52:01, #particle: 50, iter: 31, fix: false, local: false, cut car: false, new generate: true, Khoo: 1213.62, best obj: 1266.42(15), mean: 1295.07, max: 1397.85
Date: 07-27 at 19:56:27, #particle: 50, iter: 32, fix: false, local: false, cut car: false, new generate: true, Khoo: 1213.62, best obj: 1266.42(15), mean: 1294.91, max: 1464.70
Date: 07-27 at 20:01:12, #particle: 50, iter: 33, fix: false, local: false, cut car: false, new generate: true, Khoo: 1213.62, best obj: 1266.42(15), mean: 1295.62, max: 1470.89
Date: 07-27 at 20:05:47, #particle: 50, iter: 34, fix: false, local: false, cut car: false, new generate: true, Khoo: 1213.62, best obj: 1266.42(15), mean: 1294.32, max: 1387.36
Date: 07-27 at 20:09:58, #particle: 50, iter: 35, fix: false, local: false, cut car: false, new generate: true, Khoo: 1213.62, best obj: 1266.42(15), mean: 1339.71, max: 1415.59
Date: 07-27 at 20:14:24, #particle: 50, iter: 36, fix: false, local: false, cut car: false, new generate: true, Khoo: 1213.62, best obj: 1263.94(15), mean: 1295.66, max: 1362.42
Date: 07-27 at 20:18:47, #particle: 50, iter: 37, fix: false, local: false, cut car: false, new generate: true, Khoo: 1213.62, best obj: 1260.80(15), mean: 1288.99, max: 1354.72
Date: 07-27 at 20:23:13, #particle: 50, iter: 38, fix: false, local: false, cut car: false, new generate: true, Khoo: 1213.62, best obj: 1260.80(15), mean: 1292.23, max: 1405.03
Date: 07-27 at 20:27:40, #particle: 50, iter: 39, fix: false, local: false, cut car: false, new generate: true, Khoo: 1213.62, best obj: 1260.80(15), mean: 1287.58, max: 1339.55
Date: 07-27 at 20:31:54, #particle: 50, iter: 40, fix: false, local: false, cut car: false, new generate: true, Khoo: 1213.62, best obj: 1260.80(15), mean: 1287.45, max: 1339.55
Date: 07-27 at 20:36:22, #particle: 50, iter: 41, fix: false, local: false, cut car: false, new generate: true, Khoo: 1213.62, best obj: 1260.80(15), mean: 1287.78, max: 1343.15
Date: 07-27 at 20:40:38, #particle: 50, iter: 42, fix: false, local: false, cut car: false, new generate: true, Khoo: 1213.62, best obj: 1260.80(15), mean: 1290.80, max: 1345.81
Date: 07-27 at 20:45:07, #particle: 50, iter: 43, fix: false, local: false, cut car: false, new generate: true, Khoo: 1213.62, best obj: 1260.80(15), mean: 1315.64, max: 1382.47
Date: 07-27 at 20:49:22, #particle: 50, iter: 44, fix: false, local: false, cut car: false, new generate: true, Khoo: 1213.62, best obj: 1260.80(15), mean: 1294.88, max: 1369.90
Date: 07-27 at 20:53:43, #particle: 50, iter: 45, fix: false, local: false, cut car: false, new generate: true, Khoo: 1213.62, best obj: 1260.80(15), mean: 1296.47, max: 1411.72
Date: 07-27 at 20:57:45, #particle: 50, iter: 46, fix: false, local: false, cut car: false, new generate: true, Khoo: 1213.62, best obj: 1260.80(15), mean: 1287.28, max: 1356.93
Date: 07-27 at 21:02:07, #particle: 50, iter: 47, fix: false, local: false, cut car: false, new generate: true, Khoo: 1213.62, best obj: 1260.80(15), mean: 1285.89, max: 1354.60
Date: 07-27 at 21:06:17, #particle: 50, iter: 48, fix: false, local: false, cut car: false, new generate: true, Khoo: 1213.62, best obj: 1260.80(15), mean: 1308.06, max: 1406.88
Date: 07-27 at 21:10:30, #particle: 50, iter: 49, fix: false, local: false, cut car: false, new generate: true, Khoo: 1213.62, best obj: 1260.80(15), mean: 1290.83, max: 1403.82
Date: 07-27 at 21:14:49, #particle: 50, iter: 50, fix: false, local: false, cut car: false, new generate: true, Khoo: 1213.62, best obj: 1260.80(15), mean: 1281.06, max: 1328.56
Date: 07-27 at 21:19:08, #particle: 50, iter: 51, fix: false, local: false, cut car: false, new generate: true, Khoo: 1213.62, best obj: 1260.80(15), mean: 1288.08, max: 1334.14
Date: 07-27 at 21:23:33, #particle: 50, iter: 52, fix: false, local: false, cut car: false, new generate: true, Khoo: 1213.62, best obj: 1260.80(15), mean: 1283.59, max: 1334.14
Date: 07-27 at 21:27:52, #particle: 50, iter: 53, fix: false, local: false, cut car: false, new generate: true, Khoo: 1213.62, best obj: 1260.80(15), mean: 1281.63, max: 1332.81
Date: 07-27 at 21:32:14, #particle: 50, iter: 54, fix: false, local: false, cut car: false, new generate: true, Khoo: 1213.62, best obj: 1260.80(15), mean: 1281.08, max: 1379.37
Date: 07-27 at 21:36:34, #particle: 50, iter: 55, fix: false, local: false, cut car: false, new generate: true, Khoo: 1213.62, best obj: 1260.80(15), mean: 1281.38, max: 1339.02
Date: 07-27 at 21:41:02, #particle: 50, iter: 56, fix: false, local: false, cut car: false, new generate: true, Khoo: 1213.62, best obj: 1260.80(15), mean: 1279.94, max: 1347.19
Date: 07-27 at 21:45:35, #particle: 50, iter: 58, fix: false, local: false, cut car: false, new generate: true, Khoo: 1213.62, best obj: 1255.05(15), mean: 1826.95, max: 2738.40
Date: 07-27 at 21:50:12, #particle: 50, iter: 59, fix: false, local: false, cut car: false, new generate: true, Khoo: 1213.62, best obj: 1255.05(15), mean: 1357.65, max: 1578.82
Date: 07-27 at 21:54:22, #particle: 50, iter: 60, fix: false, local: false, cut car: false, new generate: true, Khoo: 1213.62, best obj: 1255.05(15), mean: 1369.90, max: 1612.52
Date: 07-27 at 21:58:55, #particle: 50, iter: 61, fix: false, local: false, cut car: false, new generate: true, Khoo: 1213.62, best obj: 1255.05(15), mean: 1323.03, max: 1504.49
Date: 07-27 at 22:02:58, #particle: 50, iter: 62, fix: false, local: false, cut car: false, new generate: true, Khoo: 1213.62, best obj: 1255.05(15), mean: 1358.89, max: 1527.11
Date: 07-27 at 22:07:11, #particle: 50, iter: 63, fix: false, local: false, cut car: false, new generate: true, Khoo: 1213.62, best obj: 1255.05(15), mean: 1363.83, max: 1556.45
Date: 07-27 at 22:11:21, #particle: 50, iter: 64, fix: false, local: false, cut car: false, new generate: true, Khoo: 1213.62, best obj: 1255.05(15), mean: 1357.52, max: 1548.29
Date: 07-27 at 22:16:01, #particle: 50, iter: 65, fix: false, local: false, cut car: false, new generate: true, Khoo: 1213.62, best obj: 1253.03(15), mean: 1299.75, max: 1422.60
Date: 07-27 at 22:20:12, #particle: 50, iter: 66, fix: false, local: false, cut car: false, new generate: true, Khoo: 1213.62, best obj: 1251.18(15), mean: 1356.00, max: 1482.85
Date: 07-27 at 22:24:54, #particle: 50, iter: 67, fix: false, local: false, cut car: false, new generate: true, Khoo: 1213.62, best obj: 1251.18(15), mean: 1331.99, max: 1407.33
Date: 07-27 at 22:29:07, #particle: 50, iter: 68, fix: false, local: false, cut car: false, new generate: true, Khoo: 1213.62, best obj: 1251.18(15), mean: 1371.07, max: 1453.69
Date: 07-27 at 22:33:46, #particle: 50, iter: 69, fix: false, local: false, cut car: false, new generate: true, Khoo: 1213.62, best obj: 1251.18(15), mean: 1336.77, max: 1387.10
Date: 07-27 at 22:38:14, #particle: 50, iter: 70, fix: false, local: false, cut car: false, new generate: true, Khoo: 1213.62, best obj: 1251.18(15), mean: 1334.86, max: 1422.71
Date: 07-27 at 22:43:06, #particle: 50, iter: 71, fix: false, local: false, cut car: false, new generate: true, Khoo: 1213.62, best obj: 1251.18(15), mean: 1316.63, max: 1414.19
Date: 07-27 at 22:47:18, #particle: 50, iter: 72, fix: false, local: false, cut car: false, new generate: true, Khoo: 1213.62, best obj: 1251.18(15), mean: 1322.28, max: 1430.37
Date: 07-27 at 22:51:42, #particle: 50, iter: 73, fix: false, local: false, cut car: false, new generate: true, Khoo: 1213.62, best obj: 1250.87(15), mean: 1305.13, max: 1406.54
Date: 07-27 at 22:55:59, #particle: 50, iter: 74, fix: false, local: false, cut car: false, new generate: true, Khoo: 1213.62, best obj: 1246.69(15), mean: 1296.77, max: 1380.76
Date: 07-27 at 23:00:26, #particle: 50, iter: 75, fix: false, local: false, cut car: false, new generate: true, Khoo: 1213.62, best obj: 1244.84(15), mean: 1288.65, max: 1362.35
Date: 07-27 at 23:04:54, #particle: 50, iter: 76, fix: false, local: false, cut car: false, new generate: true, Khoo: 1213.62, best obj: 1244.84(15), mean: 1287.17, max: 1362.35
Date: 07-27 at 23:08:58, #particle: 50, iter: 77, fix: false, local: false, cut car: false, new generate: true, Khoo: 1213.62, best obj: 1244.84(15), mean: 1308.13, max: 1403.46
Date: 07-27 at 23:13:22, #particle: 50, iter: 78, fix: false, local: false, cut car: false, new generate: true, Khoo: 1213.62, best obj: 1244.84(15), mean: 1290.93, max: 1363.29
Date: 07-27 at 23:17:42, #particle: 50, iter: 79, fix: false, local: false, cut car: false, new generate: true, Khoo: 1213.62, best obj: 1244.84(15), mean: 1286.86, max: 1362.66
Date: 07-27 at 23:21:55, #particle: 50, iter: 80, fix: false, local: false, cut car: false, new generate: true, Khoo: 1213.62, best obj: 1244.84(15), mean: 1301.00, max: 1421.42
Date: 07-27 at 23:26:05, #particle: 50, iter: 81, fix: false, local: false, cut car: false, new generate: true, Khoo: 1213.62, best obj: 1244.84(15), mean: 1295.66, max: 1424.63
Date: 07-27 at 23:30:29, #particle: 50, iter: 82, fix: false, local: false, cut car: false, new generate: true, Khoo: 1213.62, best obj: 1244.84(15), mean: 1287.32, max: 1387.19
Date: 07-27 at 23:34:37, #particle: 50, iter: 83, fix: false, local: false, cut car: false, new generate: true, Khoo: 1213.62, best obj: 1244.84(15), mean: 1325.18, max: 1421.66
Date: 07-27 at 23:39:05, #particle: 50, iter: 84, fix: false, local: false, cut car: false, new generate: true, Khoo: 1213.62, best obj: 1244.84(15), mean: 1280.42, max: 1324.28
Date: 07-27 at 23:43:27, #particle: 50, iter: 85, fix: false, local: false, cut car: false, new generate: true, Khoo: 1213.62, best obj: 1244.84(15), mean: 1278.50, max: 1340.53
Date: 07-27 at 23:48:13, #particle: 50, iter: 86, fix: false, local: false, cut car: false, new generate: true, Khoo: 1213.62, best obj: 1244.84(15), mean: 1271.83, max: 1330.00
Date: 07-27 at 23:52:45, #particle: 50, iter: 87, fix: false, local: false, cut car: false, new generate: true, Khoo: 1213.62, best obj: 1244.84(15), mean: 1270.46, max: 1352.39
Date: 07-27 at 23:56:37, #particle: 50, iter: 88, fix: false, local: false, cut car: false, new generate: true, Khoo: 1213.62, best obj: 1244.84(15), mean: 1270.73, max: 1333.70
Date: 07-28 at 00:00:55, #particle: 50, iter: 89, fix: false, local: false, cut car: false, new generate: true, Khoo: 1213.62, best obj: 1244.79(15), mean: 1269.90, max: 1354.97
Date: 07-28 at 00:05:23, #particle: 50, iter: 90, fix: false, local: false, cut car: false, new generate: true, Khoo: 1213.62, best obj: 1242.53(15), mean: 1267.20, max: 1319.05
Date: 07-28 at 00:09:26, #particle: 50, iter: 91, fix: false, local: false, cut car: false, new generate: true, Khoo: 1213.62, best obj: 1241.86(15), mean: 1318.96, max: 1372.33
Date: 07-28 at 00:13:52, #particle: 50, iter: 92, fix: false, local: false, cut car: false, new generate: true, Khoo: 1213.62, best obj: 1241.86(15), mean: 1294.71, max: 1346.55
Date: 07-28 at 00:17:59, #particle: 50, iter: 93, fix: false, local: false, cut car: false, new generate: true, Khoo: 1213.62, best obj: 1241.86(15), mean: 1341.08, max: 1401.35
Date: 07-28 at 00:22:20, #particle: 50, iter: 94, fix: false, local: false, cut car: false, new generate: true, Khoo: 1213.62, best obj: 1241.86(15), mean: 1298.87, max: 1353.38
Date: 07-28 at 00:26:54, #particle: 50, iter: 95, fix: false, local: false, cut car: false, new generate: true, Khoo: 1213.62, best obj: 1241.86(15), mean: 1294.51, max: 1342.86
Date: 07-28 at 00:31:23, #particle: 50, iter: 96, fix: false, local: false, cut car: false, new generate: true, Khoo: 1213.62, best obj: 1241.86(15), mean: 1292.06, max: 1342.86
Date: 07-28 at 00:35:55, #particle: 50, iter: 97, fix: false, local: false, cut car: false, new generate: true, Khoo: 1213.62, best obj: 1241.86(15), mean: 1297.93, max: 1342.86
Date: 07-28 at 00:40:02, #particle: 50, iter: 98, fix: false, local: false, cut car: false, new generate: true, Khoo: 1213.62, best obj: 1241.86(15), mean: 1294.70, max: 1344.00
Date: 07-28 at 00:44:31, #particle: 50, iter: 99, fix: false, local: false, cut car: false, new generate: true, Khoo: 1213.62, best obj: 1241.86(15), mean: 1294.17, max: 1348.53
Date: 07-28 at 00:48:50, #particle: 50, iter: 100, fix: false, local: false, cut car: false, new generate: true, Khoo: 1213.62, best obj: 1241.86(15), mean: 1288.58, max: 1402.79
Date: 07-28 at 00:53:37, #particle: 50, iter: 101, fix: false, local: false, cut car: false, new generate: true, Khoo: 1213.62, best obj: 1241.86(15), mean: 1276.12, max: 1343.43
Date: 07-28 at 00:57:59, #particle: 50, iter: 102, fix: false, local: false, cut car: false, new generate: true, Khoo: 1213.62, best obj: 1241.86(15), mean: 1271.05, max: 1340.53
Date: 07-28 at 01:02:25, #particle: 50, iter: 103, fix: false, local: false, cut car: false, new generate: true, Khoo: 1213.62, best obj: 1241.86(15), mean: 1264.84, max: 1310.61
Date: 07-28 at 01:06:22, #particle: 50, iter: 104, fix: false, local: false, cut car: false, new generate: true, Khoo: 1213.62, best obj: 1241.86(15), mean: 1265.15, max: 1312.42
Date: 07-28 at 01:10:18, #particle: 50, iter: 105, fix: false, local: false, cut car: false, new generate: true, Khoo: 1213.62, best obj: 1241.86(15), mean: 1305.41, max: 1361.77
Date: 07-28 at 01:14:58, #particle: 50, iter: 106, fix: false, local: false, cut car: false, new generate: true, Khoo: 1213.62, best obj: 1241.86(15), mean: 1292.81, max: 1356.43
Date: 07-28 at 01:19:17, #particle: 50, iter: 107, fix: false, local: false, cut car: false, new generate: true, Khoo: 1213.62, best obj: 1241.86(15), mean: 1271.92, max: 1335.17
Date: 07-28 at 01:23:39, #particle: 50, iter: 108, fix: false, local: false, cut car: false, new generate: true, Khoo: 1213.62, best obj: 1241.86(15), mean: 1266.88, max: 1345.74
Date: 07-28 at 01:27:58, #particle: 50, iter: 109, fix: false, local: false, cut car: false, new generate: true, Khoo: 1213.62, best obj: 1241.86(15), mean: 1265.15, max: 1314.03
Date: 07-28 at 01:32:21, #particle: 50, iter: 110, fix: false, local: false, cut car: false, new generate: true, Khoo: 1213.62, best obj: 1241.86(15), mean: 1265.07, max: 1314.03
Date: 07-28 at 01:36:47, #particle: 50, iter: 112, fix: false, local: false, cut car: false, new generate: true, Khoo: 1213.62, best obj: 1241.86(15), mean: 1838.38, max: 2888.77
Date: 07-28 at 01:40:55, #particle: 50, iter: 113, fix: false, local: false, cut car: false, new generate: true, Khoo: 1213.62, best obj: 1241.86(15), mean: 1347.39, max: 1550.55
Date: 07-28 at 01:45:01, #particle: 50, iter: 114, fix: false, local: false, cut car: false, new generate: true, Khoo: 1213.62, best obj: 1241.86(15), mean: 1383.98, max: 1589.14
Date: 07-28 at 01:49:04, #particle: 50, iter: 115, fix: false, local: false, cut car: false, new generate: true, Khoo: 1213.62, best obj: 1241.86(15), mean: 1390.32, max: 1601.56
Date: 07-28 at 01:53:17, #particle: 50, iter: 116, fix: false, local: false, cut car: false, new generate: true, Khoo: 1213.62, best obj: 1241.86(15), mean: 1417.05, max: 1644.27
Date: 07-28 at 01:57:44, #particle: 50, iter: 117, fix: false, local: false, cut car: false, new generate: true, Khoo: 1213.62, best obj: 1241.86(15), mean: 1326.77, max: 1446.83
Date: 07-28 at 02:01:43, #particle: 50, iter: 118, fix: false, local: false, cut car: false, new generate: true, Khoo: 1213.62, best obj: 1241.86(15), mean: 1357.52, max: 1483.95
Date: 07-28 at 02:06:09, #particle: 50, iter: 119, fix: false, local: false, cut car: false, new generate: true, Khoo: 1213.62, best obj: 1241.86(15), mean: 1302.77, max: 1448.68
Date: 07-28 at 02:10:25, #particle: 50, iter: 120, fix: false, local: false, cut car: false, new generate: true, Khoo: 1213.62, best obj: 1241.86(15), mean: 1305.83, max: 1443.34
Date: 07-28 at 02:14:41, #particle: 50, iter: 121, fix: false, local: false, cut car: false, new generate: true, Khoo: 1213.62, best obj: 1241.86(15), mean: 1289.46, max: 1402.78
Date: 07-28 at 02:18:55, #particle: 50, iter: 122, fix: false, local: false, cut car: false, new generate: true, Khoo: 1213.62, best obj: 1241.86(15), mean: 1299.22, max: 1465.59
Date: 07-28 at 02:23:18, #particle: 50, iter: 123, fix: false, local: false, cut car: false, new generate: true, Khoo: 1213.62, best obj: 1241.86(15), mean: 1282.53, max: 1372.65
Date: 07-28 at 02:27:00, #particle: 50, iter: 124, fix: false, local: false, cut car: false, new generate: true, Khoo: 1213.62, best obj: 1241.86(15), mean: 1303.88, max: 1424.96
Date: 07-28 at 02:31:02, #particle: 50, iter: 125, fix: false, local: false, cut car: false, new generate: true, Khoo: 1213.62, best obj: 1241.86(15), mean: 1281.81, max: 1378.23
Date: 07-28 at 02:35:20, #particle: 50, iter: 126, fix: false, local: false, cut car: false, new generate: true, Khoo: 1213.62, best obj: 1241.86(15), mean: 1288.72, max: 1395.48
Date: 07-28 at 02:39:44, #particle: 50, iter: 127, fix: false, local: false, cut car: false, new generate: true, Khoo: 1213.62, best obj: 1241.86(15), mean: 1299.31, max: 1460.73
Date: 07-28 at 02:44:06, #particle: 50, iter: 128, fix: false, local: false, cut car: false, new generate: true, Khoo: 1213.62, best obj: 1241.86(15), mean: 1310.42, max: 1509.32
Date: 07-28 at 02:48:43, #particle: 50, iter: 129, fix: false, local: false, cut car: false, new generate: true, Khoo: 1213.62, best obj: 1241.86(15), mean: 1286.66, max: 1433.40
Date: 07-28 at 02:53:11, #particle: 50, iter: 130, fix: false, local: false, cut car: false, new generate: true, Khoo: 1213.62, best obj: 1240.67(15), mean: 1289.89, max: 1444.86
Date: 07-28 at 02:56:51, #particle: 50, iter: 131, fix: false, local: false, cut car: false, new generate: true, Khoo: 1213.62, best obj: 1240.67(15), mean: 1318.25, max: 1473.31
Date: 07-28 at 03:01:15, #particle: 50, iter: 132, fix: false, local: false, cut car: false, new generate: true, Khoo: 1213.62, best obj: 1240.67(15), mean: 1293.95, max: 1482.66
Date: 07-28 at 03:05:16, #particle: 50, iter: 133, fix: false, local: false, cut car: false, new generate: true, Khoo: 1213.62, best obj: 1240.67(15), mean: 1269.51, max: 1369.01
Date: 07-28 at 03:09:31, #particle: 50, iter: 134, fix: false, local: false, cut car: false, new generate: true, Khoo: 1213.62, best obj: 1240.67(15), mean: 1272.65, max: 1422.31
Date: 07-28 at 03:14:12, #particle: 50, iter: 135, fix: false, local: false, cut car: false, new generate: true, Khoo: 1213.62, best obj: 1240.67(15), mean: 1270.99, max: 1414.93
Date: 07-28 at 03:18:26, #particle: 50, iter: 136, fix: false, local: false, cut car: false, new generate: true, Khoo: 1213.62, best obj: 1240.67(15), mean: 1270.03, max: 1437.13
Date: 07-28 at 03:22:44, #particle: 50, iter: 137, fix: false, local: false, cut car: false, new generate: true, Khoo: 1213.62, best obj: 1240.67(15), mean: 1263.59, max: 1336.28
Date: 07-28 at 03:26:39, #particle: 50, iter: 138, fix: false, local: false, cut car: false, new generate: true, Khoo: 1213.62, best obj: 1240.67(15), mean: 1283.06, max: 1396.83
Date: 07-28 at 03:30:47, #particle: 50, iter: 139, fix: false, local: false, cut car: false, new generate: true, Khoo: 1213.62, best obj: 1240.67(15), mean: 1264.64, max: 1457.47
Date: 07-28 at 03:34:46, #particle: 50, iter: 140, fix: false, local: false, cut car: false, new generate: true, Khoo: 1213.62, best obj: 1240.67(15), mean: 1269.53, max: 1500.59
Date: 07-28 at 03:38:54, #particle: 50, iter: 141, fix: false, local: false, cut car: false, new generate: true, Khoo: 1213.62, best obj: 1239.05(15), mean: 1262.17, max: 1424.11
Date: 07-28 at 03:42:35, #particle: 50, iter: 142, fix: false, local: false, cut car: false, new generate: true, Khoo: 1213.62, best obj: 1239.05(15), mean: 1253.72, max: 1321.45
Date: 07-28 at 03:46:23, #particle: 50, iter: 143, fix: false, local: false, cut car: false, new generate: true, Khoo: 1213.62, best obj: 1239.05(15), mean: 1281.86, max: 1341.34
Date: 07-28 at 03:50:26, #particle: 50, iter: 144, fix: false, local: false, cut car: false, new generate: true, Khoo: 1213.62, best obj: 1239.05(15), mean: 1249.50, max: 1301.94
Date: 07-28 at 03:54:33, #particle: 50, iter: 145, fix: false, local: false, cut car: false, new generate: true, Khoo: 1213.62, best obj: 1239.05(15), mean: 1249.02, max: 1309.52
Date: 07-28 at 03:58:31, #particle: 50, iter: 146, fix: false, local: false, cut car: false, new generate: true, Khoo: 1213.62, best obj: 1239.05(15), mean: 1244.67, max: 1308.40
Date: 07-28 at 04:02:28, #particle: 50, iter: 147, fix: false, local: false, cut car: false, new generate: true, Khoo: 1213.62, best obj: 1239.05(15), mean: 1243.49, max: 1308.40
Date: 07-28 at 04:06:32, #particle: 50, iter: 148, fix: false, local: false, cut car: false, new generate: true, Khoo: 1213.62, best obj: 1239.05(15), mean: 1244.72, max: 1329.52
Date: 07-28 at 04:10:23, #particle: 50, iter: 149, fix: false, local: false, cut car: false, new generate: true, Khoo: 1213.62, best obj: 1239.05(15), mean: 1240.72, max: 1265.09
Date: 07-28 at 04:13:58, #particle: 50, iter: 150, fix: false, local: false, cut car: false, new generate: true, Khoo: 1213.62, best obj: 1239.05(15), mean: 1240.67, max: 1265.09
Date: 07-28 at 04:17:33, #particle: 50, iter: 151, fix: false, local: false, cut car: false, new generate: true, Khoo: 1213.62, best obj: 1239.05(15), mean: 1241.34, max: 1281.11
Date: 07-28 at 04:21:14, #particle: 50, iter: 152, fix: false, local: false, cut car: false, new generate: true, Khoo: 1213.62, best obj: 1239.05(15), mean: 1241.50, max: 1297.23
Date: 07-28 at 04:24:39, #particle: 50, iter: 153, fix: false, local: false, cut car: false, new generate: true, Khoo: 1213.62, best obj: 1239.05(15), mean: 1240.53, max: 1265.09
Date: 07-28 at 04:28:10, #particle: 50, iter: 154, fix: false, local: false, cut car: false, new generate: true, Khoo: 1213.62, best obj: 1239.05(15), mean: 1241.38, max: 1293.88
Date: 07-28 at 04:31:38, #particle: 50, iter: 155, fix: false, local: false, cut car: false, new generate: true, Khoo: 1213.62, best obj: 1239.05(15), mean: 1240.52, max: 1266.08
Date: 07-28 at 04:35:09, #particle: 50, iter: 156, fix: false, local: false, cut car: false, new generate: true, Khoo: 1213.62, best obj: 1239.05(15), mean: 1240.49, max: 1265.09
Date: 07-28 at 04:38:45, #particle: 50, iter: 157, fix: false, local: false, cut car: false, new generate: true, Khoo: 1213.62, best obj: 1239.05(15), mean: 1240.49, max: 1265.09
Date: 07-28 at 04:42:06, #particle: 50, iter: 158, fix: false, local: false, cut car: false, new generate: true, Khoo: 1213.62, best obj: 1239.05(15), mean: 1240.49, max: 1265.09
Date: 07-28 at 04:45:51, #particle: 50, iter: 159, fix: false, local: false, cut car: false, new generate: true, Khoo: 1213.62, best obj: 1239.05(15), mean: 1240.66, max: 1265.09
Date: 07-28 at 04:49:10, #particle: 50, iter: 160, fix: false, local: false, cut car: false, new generate: true, Khoo: 1213.62, best obj: 1239.05(15), mean: 1240.65, max: 1265.09
Date: 07-28 at 04:52:27, #particle: 50, iter: 162, fix: false, local: false, cut car: false, new generate: true, Khoo: 1213.62, best obj: 1239.05(15), mean: 1843.87, max: 2983.99
Date: 07-28 at 04:55:55, #particle: 50, iter: 163, fix: false, local: false, cut car: false, new generate: true, Khoo: 1213.62, best obj: 1239.05(15), mean: 1341.55, max: 1527.60
Date: 07-28 at 04:59:10, #particle: 50, iter: 164, fix: false, local: false, cut car: false, new generate: true, Khoo: 1213.62, best obj: 1239.05(15), mean: 1354.46, max: 1565.09
Date: 07-28 at 05:02:31, #particle: 50, iter: 165, fix: false, local: false, cut car: false, new generate: true, Khoo: 1213.62, best obj: 1239.05(15), mean: 1300.04, max: 1441.25
Date: 07-28 at 05:06:01, #particle: 50, iter: 166, fix: false, local: false, cut car: false, new generate: true, Khoo: 1213.62, best obj: 1239.05(15), mean: 1302.00, max: 1480.59
Date: 07-28 at 05:09:23, #particle: 50, iter: 167, fix: false, local: false, cut car: false, new generate: true, Khoo: 1213.62, best obj: 1239.05(15), mean: 1296.21, max: 1472.69
Date: 07-28 at 05:12:31, #particle: 50, iter: 168, fix: false, local: false, cut car: false, new generate: true, Khoo: 1213.62, best obj: 1239.05(15), mean: 1319.95, max: 1514.34
Date: 07-28 at 05:15:55, #particle: 50, iter: 169, fix: false, local: false, cut car: false, new generate: true, Khoo: 1213.62, best obj: 1239.05(15), mean: 1301.72, max: 1519.43
Date: 07-28 at 05:19:08, #particle: 50, iter: 170, fix: false, local: false, cut car: false, new generate: true, Khoo: 1213.62, best obj: 1239.05(15), mean: 1320.02, max: 1595.99
Date: 07-28 at 05:22:41, #particle: 50, iter: 171, fix: false, local: false, cut car: false, new generate: true, Khoo: 1213.62, best obj: 1239.05(15), mean: 1299.61, max: 1505.85
Date: 07-28 at 05:26:02, #particle: 50, iter: 172, fix: false, local: false, cut car: false, new generate: true, Khoo: 1213.62, best obj: 1239.05(15), mean: 1295.34, max: 1449.26
Date: 07-28 at 05:29:16, #particle: 50, iter: 173, fix: false, local: false, cut car: false, new generate: true, Khoo: 1213.62, best obj: 1239.05(15), mean: 1301.88, max: 1438.89
Date: 07-28 at 05:32:59, #particle: 50, iter: 174, fix: false, local: false, cut car: false, new generate: true, Khoo: 1213.62, best obj: 1239.05(15), mean: 1279.04, max: 1364.65
Date: 07-28 at 05:36:13, #particle: 50, iter: 175, fix: false, local: false, cut car: false, new generate: true, Khoo: 1213.62, best obj: 1239.05(15), mean: 1293.41, max: 1406.13
Date: 07-28 at 05:39:40, #particle: 50, iter: 176, fix: false, local: false, cut car: false, new generate: true, Khoo: 1213.62, best obj: 1239.05(15), mean: 1293.67, max: 1445.44
Date: 07-28 at 05:43:22, #particle: 50, iter: 177, fix: false, local: false, cut car: false, new generate: true, Khoo: 1213.62, best obj: 1239.05(15), mean: 1273.74, max: 1362.46
Date: 07-28 at 05:46:33, #particle: 50, iter: 178, fix: false, local: false, cut car: false, new generate: true, Khoo: 1213.62, best obj: 1239.05(15), mean: 1273.97, max: 1386.65
Date: 07-28 at 05:49:54, #particle: 50, iter: 179, fix: false, local: false, cut car: false, new generate: true, Khoo: 1213.62, best obj: 1239.05(15), mean: 1282.60, max: 1410.04
Date: 07-28 at 05:53:06, #particle: 50, iter: 180, fix: false, local: false, cut car: false, new generate: true, Khoo: 1213.62, best obj: 1239.05(15), mean: 1281.70, max: 1448.74
Date: 07-28 at 05:56:34, #particle: 50, iter: 182, fix: false, local: false, cut car: false, new generate: true, Khoo: 1213.62, best obj: 1239.05(15), mean: 1837.11, max: 2753.77
Date: 07-28 at 06:00:00, #particle: 50, iter: 183, fix: false, local: false, cut car: false, new generate: true, Khoo: 1213.62, best obj: 1239.05(15), mean: 1347.13, max: 1542.20
Date: 07-28 at 06:03:14, #particle: 50, iter: 184, fix: false, local: false, cut car: false, new generate: true, Khoo: 1213.62, best obj: 1239.05(15), mean: 1362.10, max: 1584.02
Date: 07-28 at 06:06:28, #particle: 50, iter: 185, fix: false, local: false, cut car: false, new generate: true, Khoo: 1213.62, best obj: 1239.05(15), mean: 1364.91, max: 1619.47
Date: 07-28 at 06:10:15, #particle: 50, iter: 186, fix: false, local: false, cut car: false, new generate: true, Khoo: 1213.62, best obj: 1239.05(15), mean: 1318.17, max: 1525.23
Date: 07-28 at 06:13:40, #particle: 50, iter: 187, fix: false, local: false, cut car: false, new generate: true, Khoo: 1213.62, best obj: 1239.05(15), mean: 1299.39, max: 1435.45
Date: 07-28 at 06:17:05, #particle: 50, iter: 188, fix: false, local: false, cut car: false, new generate: true, Khoo: 1213.62, best obj: 1239.05(15), mean: 1289.29, max: 1434.80
Date: 07-28 at 06:20:22, #particle: 50, iter: 189, fix: false, local: false, cut car: false, new generate: true, Khoo: 1213.62, best obj: 1239.05(15), mean: 1309.31, max: 1485.70
Date: 07-28 at 06:23:49, #particle: 50, iter: 190, fix: false, local: false, cut car: false, new generate: true, Khoo: 1213.62, best obj: 1239.05(15), mean: 1287.53, max: 1436.96
Date: 07-28 at 06:27:29, #particle: 50, iter: 191, fix: false, local: false, cut car: false, new generate: true, Khoo: 1213.62, best obj: 1239.05(15), mean: 1284.90, max: 1442.66
Date: 07-28 at 06:30:40, #particle: 50, iter: 192, fix: false, local: false, cut car: false, new generate: true, Khoo: 1213.62, best obj: 1239.05(15), mean: 1296.49, max: 1436.88
Date: 07-28 at 06:34:04, #particle: 50, iter: 193, fix: false, local: false, cut car: false, new generate: true, Khoo: 1213.62, best obj: 1239.05(15), mean: 1287.52, max: 1437.83
